,accuracy,training_time,device_used
0,0.7059319548320868,94.75306272506714,cuda
