,accuracy,cv_mean,cv_std
0,0.8114826220853497,0.69207359064164,0.024500128772249316
