,accuracy,cv_mean,cv_std
0,1.0,0.7659844072133775,0.033658311569971455
