,accuracy,training_time,device_used
0,0.7059319548320868,115.53376936912537,cpu
