,Feature_0,Feature_1,Feature_2,Feature_3,Feature_4,Feature_5,Feature_6,Feature_7,Feature_8,Feature_9,Feature_10,Feature_11,Feature_12,Feature_13,Feature_14,Feature_15,Feature_16,Feature_17,Feature_18,Feature_19,Feature_20,Feature_21,Feature_22,Feature_23,Feature_24,Feature_25,Feature_26,Feature_27,Feature_28,Feature_29,Feature_30,Feature_31,Feature_32,Feature_33,Feature_34,Feature_35,Feature_36,Feature_37,Feature_38
0,-1.9949219773665772,-0.13048595411182687,0.6388105307819136,-0.00779694483067705,0.8572231608476328,0.18913094610842734,1.333397501132321,0.9686325286775711,0.8761933160188418,-4.300157946415787,23.908901482236516,-0.4254416130679573,-23.145816441775295,0.11744528371806784,-2.1775749782736336,-0.203410265226318,0.006665029163682262,-1.9042433750894985,1.5941066915215738,1.7430621369918748,-52.12851476274041,0.5750670848267848,50.27834327018989,3.2413361396886424,-1.3389788723448668,-1.4467860053872625,-1.3123266191105547,-3.2204746126833497,0.4218657866110632,4.297292554074656,0.13177550179463096,0.01796631515272475,-0.24798336060913115,-0.0644368308797529,0.014926363445272997,0.04062242114019546,-0.037109653233581244,-0.007782428493509255,-0.00845861922746489
