,accuracy,cv_mean,cv_std
0,0.6897272327320721,0.6828343336979983,0.024546355728364604
