,accuracy,cv_mean,cv_std
0,0.7945446546414431,0.7532995839056422,0.03162438144108467
