,accuracy,cv_mean,cv_std
0,0.795754509458865,0.7533729917668152,0.03001096106864561
