,accuracy,cv_mean,cv_std
0,1.0,0.7660575865989663,0.03507605077620599
